probeID	ProbeChr	Gene	Probe_bp	topSNP	topSNP_chr	topSNP_bp	A1	A2	Freq	b_GWAS	se_GWAS	p_GWAS	b_eQTL	se_eQTL	p_eQTL	b_SMR	se_SMR	p_SMR	p_HEIDI	nsnp_HEIDI	source_file	source_chr
ENSG00000179178.11	1	TMEM125	43737664	rs7549876	1	43760236	T	G	0.365538	-0.0441987	0.0098	7.101e-06	-0.308692	0.0310816	3.031359e-23	0.143181	0.0348669	4.017167e-05	0.04685947	3	Step5_SMR_chr1.smr	1
ENSG00000066056.14	1	TIE1	43777716	rs3120124	1	43764165	C	G	0.379482	-0.0473013	0.0097	9.922e-07	-0.543964	0.0337131	1.446448e-58	0.0869566	0.0186287	3.043013e-06	0.002287969	5	Step5_SMR_chr1.smr	1
ENSG00000234694.1	1	AL139289.1	43822342	rs4141739	1	43842629	A	G	0.368526	-0.0507026	0.0096	1.271e-07	-0.199531	0.036421	4.290425e-08	0.254109	0.0668299	0.0001433489	0.4771921	3	Step5_SMR_chr1.smr	1
ENSG00000117399.14	1	CDC20	43826763	rs7549876	1	43760236	T	G	0.365538	-0.0441987	0.0098	7.101e-06	-0.290822	0.028063	3.645959e-25	0.151979	0.0367505	3.543101e-05	0.001401283	6	Step5_SMR_chr1.smr	1
ENSG00000066322.15	1	ELOVL1	43831407	rs866332	1	43788858	T	C	0.370518	-0.0503033	0.0096	1.483e-07	-0.210901	0.0325743	9.515291e-11	0.238516	0.0585588	4.639013e-05	0.3792449	3	Step5_SMR_chr1.smr	1
ENSG00000159479.17	1	MED8	43852534	rs11172	1	43850473	G	A	0.37251	-0.0501987	0.0096	1.595e-07	0.383536	0.0299356	1.403901e-37	-0.130884	0.0270347	1.289695e-06	0.002602127	5	Step5_SMR_chr1.smr	1
ENSG00000142949.17	1	PTPRF	44040098	rs11210871	1	44029353	C	G	0.331673	0.0763034	0.0102	6.017e-14	-0.223902	0.0338721	3.837637e-11	-0.340789	0.0687985	7.29117e-07	0.3102622	3	Step5_SMR_chr1.smr	1
ENSG00000169519.21	11	METTL15	28339192	rs12577283	11	28511596	G	A	0.511952	0.0486967	0.0093	1.78e-07	0.202434	0.0361368	2.120486e-08	0.240556	0.0628856	0.0001306135			Step5_SMR_chr11.smr	11
ENSG00000286608.1	12	AC010201.3	89779956	rs1427828	12	89762499	C	G	0.442231	0.0558036	0.0094	2.334e-09	0.157349	0.0286301	3.886284e-08	0.354648	0.0879366	5.506925e-05			Step5_SMR_chr12.smr	12
ENSG00000187323.12	18	DCC	50464420	rs4380114	18	50688733	G	A	0.406375	-0.0501036	0.0097	2.403e-07	-0.255275	0.0356657	8.218909e-13	0.196273	0.0468598	2.807867e-05	0.07300635	6	Step5_SMR_chr18.smr	18
ENSG00000011198.10	3	ABHD5	43753732	rs9831161	3	43768018	A	G	0.0488048	0.109804	0.0206	9.791e-08	-0.50824	0.0614711	1.362879e-16	-0.216047	0.0482251	7.465297e-06			Step5_SMR_chr3.smr	3
ENSG00000233276.8	3	GPX1	49395198	rs7613360	3	49916710	T	C	0.384462	0.0534008	0.0097	3.175e-08	0.210252	0.0372419	1.64623e-08	0.253984	0.064439	8.098293e-05			Step5_SMR_chr3.smr	3
ENSG00000164068.16	3	RNF123	49742966	rs7613360	3	49916710	T	C	0.384462	0.0534008	0.0097	3.175e-08	0.320405	0.0395418	5.363904e-16	0.166666	0.0366004	5.271747e-06			Step5_SMR_chr3.smr	3
ENSG00000173540.14	3	GMPPB	49757842	rs7613360	3	49916710	T	C	0.384462	0.0534008	0.0097	3.175e-08	0.319254	0.0387712	1.806051e-16	0.167268	0.0365484	4.725915e-06			Step5_SMR_chr3.smr	3
ENSG00000164078.13	3	MST1R	49932870	rs868891	3	49949071	G	A	0.422311	0.0390007	0.0093	2.924e-05	0.202358	0.0309556	6.274582e-11	0.192731	0.0546021	0.0004159697			Step5_SMR_chr3.smr	3
ENSG00000004534.15	3	RBM6	50057459	rs11709573	3	49956628	T	C	0.422311	0.0391047	0.0094	2.87e-05	-0.755901	0.0335555	2.265311e-112	-0.0517326	0.0126458	4.296953e-05			Step5_SMR_chr3.smr	3
ENSG00000001617.12	3	SEMA3F	50209493	rs2883059	3	49902160	C	T	0.416335	0.0433042	0.0094	4.349e-06	-0.34689	0.0338096	1.066106e-24	-0.124836	0.0297042	2.638272e-05			Step5_SMR_chr3.smr	3
ENSG00000188338.15	3	SLC38A3	50250798	rs2883059	3	49902160	C	T	0.416335	0.0433042	0.0094	4.349e-06	-0.196803	0.0287696	7.88257e-12	-0.220038	0.0575848	0.0001328492			Step5_SMR_chr3.smr	3
ENSG00000186792.17	3	HYAL3	50333549	rs55692411	3	49911155	A	G	0.416335	0.0426988	0.0094	5.408e-06	-0.366509	0.0376546	2.171033e-22	-0.116501	0.0283028	3.851005e-05			Step5_SMR_chr3.smr	3
ENSG00000243477.6	3	NAA80	50335340	rs952594	3	49908023	A	G	0.416335	0.0426988	0.0094	5.254e-06	0.258409	0.0325557	2.063789e-15	0.165237	0.0419119	8.064207e-05			Step5_SMR_chr3.smr	3
ENSG00000279845.1	4	AC097372.2	147102236	rs6820462	4	147097424	C	T	0.351594	0.0562	0.01	1.972e-08	-0.414282	0.0294839	7.583018e-45	-0.135656	0.0259973	1.807678e-07	0.3645299	3	Step5_SMR_chr4.smr	4
ENSG00000164167.12	4	LSM6	147109004	rs6537401	4	147099654	A	G	0.349602	0.0568032	0.01	1.395e-08	0.65401	0.035707	6.166649e-75	0.0868537	0.0160087	5.782476e-08	0.8166055	3	Step5_SMR_chr4.smr	4
ENSG00000250673.2	4	REELD1	147143848	rs3756081	4	147111241	G	C	0.35259	0.0546991	0.01	4.881e-08	0.48543	0.0332481	2.79801e-48	0.112682	0.0219985	3.019382e-07	0.6502138	3	Step5_SMR_chr4.smr	4
ENSG00000247828.8	5	TMEM161B-AS1	87649931	rs4916723	5	87854395	C	A	0.412351	0.0852965	0.011	9.477e-15	-0.410403	0.0392655	1.434772e-25	-0.207836	0.0333737	4.738156e-10	0.04557852	4	Step5_SMR_chr5.smr	5
ENSG00000271904.1	5	AC091826.2	87762112	rs4916723	5	87854395	C	A	0.412351	0.0852965	0.011	9.477e-15	-0.235859	0.0307445	1.698744e-14	-0.361641	0.0663122	4.935586e-08	0.1380042	4	Step5_SMR_chr5.smr	5
ENSG00000082293.13	6	COL19A1	70749310	rs3736843	6	70866421	T	C	0.525896	-0.0517987	0.0093	2.728e-08	0.218128	0.0308139	1.453322e-12	-0.23747	0.0542508	1.20181e-05			Step5_SMR_chr6.smr	6
ENSG00000187954.13	8	CYHR1	145683008	rs4925811	8	145802447	G	T	0.466135	0.0579999	0.0101	8.303e-09	0.20653	0.0300303	6.095938e-12	0.28083	0.0637098	1.043467e-05	0.04655517	3	Step5_SMR_chr8.smr	8
ENSG00000167702.13	8	KIFC2	145695506	rs4925811	8	145802447	G	T	0.466135	0.0579999	0.0101	8.303e-09	0.351717	0.0292881	3.191546e-33	0.164905	0.0318307	2.21051e-07	0.1822604	3	Step5_SMR_chr8.smr	8
ENSG00000160972.9	8	PPP1R16A	145715428	rs13275065	8	145818681	T	C	0.457171	0.054604	0.01	5.095e-08	-0.178713	0.028926	6.479535e-10	-0.30554	0.0746773	4.286448e-05	0.7842283	3	Step5_SMR_chr8.smr	8
ENSG00000255182.2	8	AC084125.2	145725834	rs4925811	8	145802447	G	T	0.466135	0.0579999	0.0101	8.303e-09	0.145286	0.0259796	2.240966e-08	0.399213	0.0996434	6.164586e-05	0.08170106	3	Step5_SMR_chr8.smr	8
ENSG00000160959.8	8	LRRC14	145746966	rs10108836	8	145836227	C	A	0.461155	0.0523043	0.0098	1.104e-07	-0.185295	0.0293014	2.553046e-10	-0.282277	0.0692079	4.5293e-05	0.4361981	3	Step5_SMR_chr8.smr	8
ENSG00000196378.13	8	ZNF34	146005170	rs12719778	8	145879883	C	T	0.471116	0.0509039	0.0097	1.482e-07	-0.325653	0.0312205	1.794649e-25	-0.156313	0.0333436	2.75957e-06	0.1547283	3	Step5_SMR_chr8.smr	8
ENSG00000161016.18	8	RPL8	146016561	rs997258	8	145903077	C	A	0.469124	0.0493043	0.0096	2.612e-07	0.224369	0.039355	1.189949e-08	0.219747	0.0575878	0.0001357127	0.079173	3	Step5_SMR_chr8.smr	8
