probeID	ProbeChr	Gene	Probe_bp	topSNP	topSNP_chr	topSNP_bp	A1	A2	Freq	b_GWAS	se_GWAS	p_GWAS	b_eQTL	se_eQTL	p_eQTL	b_SMR	se_SMR	p_SMR	p_HEIDI	nsnp_HEIDI	source_file	source_chr
ENSG00000247828.8	5	TMEM161B-AS1	87649931	rs4916723	5	87854395	C	A	0.412351	0.0852965	0.011	9.477e-15	-0.410403	0.0392655	1.434772e-25	-0.207836	0.0333737	4.738156e-10	0.04557852	4	Step5_SMR_chr5.smr	5
ENSG00000271904.1	5	AC091826.2	87762112	rs4916723	5	87854395	C	A	0.412351	0.0852965	0.011	9.477e-15	-0.235859	0.0307445	1.698744e-14	-0.361641	0.0663122	4.935586e-08	0.1380042	4	Step5_SMR_chr5.smr	5
ENSG00000164167.12	4	LSM6	147109004	rs6537401	4	147099654	A	G	0.349602	0.0568032	0.01	1.395e-08	0.65401	0.035707	6.166649e-75	0.0868537	0.0160087	5.782476e-08	0.8166055	3	Step5_SMR_chr4.smr	4
ENSG00000279845.1	4	AC097372.2	147102236	rs6820462	4	147097424	C	T	0.351594	0.0562	0.01	1.972e-08	-0.414282	0.0294839	7.583018e-45	-0.135656	0.0259973	1.807678e-07	0.3645299	3	Step5_SMR_chr4.smr	4
ENSG00000167702.13	8	KIFC2	145695506	rs4925811	8	145802447	G	T	0.466135	0.0579999	0.0101	8.303e-09	0.351717	0.0292881	3.191546e-33	0.164905	0.0318307	2.21051e-07	0.1822604	3	Step5_SMR_chr8.smr	8
ENSG00000250673.2	4	REELD1	147143848	rs3756081	4	147111241	G	C	0.35259	0.0546991	0.01	4.881e-08	0.48543	0.0332481	2.79801e-48	0.112682	0.0219985	3.019382e-07	0.6502138	3	Step5_SMR_chr4.smr	4
ENSG00000142949.17	1	PTPRF	44040098	rs11210871	1	44029353	C	G	0.331673	0.0763034	0.0102	6.017e-14	-0.223902	0.0338721	3.837637e-11	-0.340789	0.0687985	7.29117e-07	0.3102622	3	Step5_SMR_chr1.smr	1
ENSG00000196378.13	8	ZNF34	146005170	rs12719778	8	145879883	C	T	0.471116	0.0509039	0.0097	1.482e-07	-0.325653	0.0312205	1.794649e-25	-0.156313	0.0333436	2.75957e-06	0.1547283	3	Step5_SMR_chr8.smr	8
